{"contacts":[{"contactId":1,"firstName":"Tharini","lastName":"B","mobile":9999900000,"mail":"tharini@gmail.com","dateOfBirth":"1990-10-12","gender":"female","group":"family"},{"contactId":2,"firstName":"Maha","lastName":"U","mobile":9999911111,"mail":"maha@gmail.com","dateOfBirth":"1991-07-11","gender":"female","group":"family"},{"contactId":3,"firstName":"Jey","lastName":"A","mobile":9999922222,"mail":"jey@gmail.com","dateOfBirth":"1986-10-12","gender":"male","group":"colleague"},{"contactId":4,"firstName":"Supreja","lastName":"S","mobile":9999933333,"mail":"supreja@gmail.com","dateOfBirth":"1990-08-08","gender":"female","group":"friend"},{"contactId":5,"firstName":"Mehar","lastName":"G","mobile":9999944444,"mail":"mehar@gmail.com","dateOfBirth":"1988-03-10","gender":"male","group":"friend"}]}